[ 
    {
        "content": "O príncipe Harry e a duquesa Meghan Markle apareceram em público pela primeira vez com o filho que nasceu há dois dias. O bebê real recebeu o nome de Archie Harrison.",
        "begin": "00:00:00",
        "end": "00:00:10",
        "class": "Neutro"
    },
    {
        "content": "Na rápida aparição no castelo de Windsor, a duquesa de Sussex disse que o bebê é muito calmo, com temperamento doce. O príncipe brincou e disse que não sabe a quem ele puxou.",
        "begin": "00:00:10",
        "end": "00:00:25",
        "class": "Entrevista"
    },
    {
        "content": "Horas depois, o casal divulgou o nome do bebê real: Archie Harrison Mountbatten-Windsor. O anúncio foi feito logo após a rainha Elizabeth e o príncipe Philip conhecerem o bisneto.",
        "begin": "00:00:25",
        "end": "00:00:37",
        "class": "Neutro"
    },
    {
        "content": "O filho de Harry e Meghan é o sétimo na linha de sucessão ao trono britânico.",
        "begin": "00:00:37",
        "end": "00:00:42",
        "class": "Neutro"
    },
    {
        "content": "Os pais se casaram em maio do ano passado e a gravidez foi anunciada em outubro.",
        "begin": "00:00:42",
        "end": "00:00:47",
        "class": "Neutro"
    },    
    {
        "content": "Meghan deu à luz em casa, uma tradição da família real.",
        "begin": "00:00:47",
        "end": "00:00:51",
        "class": "Neutro"
    }
]