[ 
    {
        "content": "O príncipe Harry e a duquesa Meghan Markle apresentaram hoje o filho recém-nascido.",
        "begin": "00:00:00",
        "end": "00:00:06",
        "class": "Neutro"
    },
    {
        "content": "A primeira aparição de Harry foi aos olhos de todos, uma multidão se acotovelou em frente ao hospital. O primeiro vislumbre do filho do príncipe foi só para um seleto grupo da imprensa e, junto com o novo bebê real, o casal apresentou um estilo discreto. O menino estava embrulhado em carinhos.",
        "begin": "00:00:06",
        "end": "00:00:26",
        "class": "Opinião de repórter"
    },
    {
        "content": "Meghan Markle falou da magia que é virar mãe, sobretudo por ter dois dos melhores caras do mundo. O bebê vem fazendo por merecer, temperamento calmo e doce. Harry disse que nem sabe a quem ele puxou.",
        "begin": "00:00:26",
        "end": "00:00:42",
        "class": "Entrevista"
    },
    {
        "content": "O casal também quebrou hoje outro mistério e revelou o nome do novo bebê real: Archie Harrison Mountbatten-Windsor, um nome até bem mais curto do que os padrões da realeza.",
        "begin": "00:00:42",
        "end": "00:00:52",
        "class": "Neutro"
    },
    {
        "content": "Elizabeth Alexandra Mary conheceu hoje o bisneto. A rainha apareceu ao lado do marido e da mãe de Meghan.",
        "begin": "00:00:52",
        "end": "00:00:59",
        "class": "Neutro"
    },
    {
        "content": "O casal ainda não sabe com quem Archie se parece. O príncipe disse que o rosto de bebê muda muito, só que o de pai e mãe muda ainda mais.",
        "begin": "00:00:59",
        "end": "00:01:09",
        "class": "Opinião de repórter"
    }
]