[
	{
		"content":"o fórum Nacional da enfermagem um grupo de entidades que representam o setor colocou atos de rua para a próxima sexta-feira em todas as capitais como forma de protesto para quem ainda não sabe neste domingo o Ministro do Supremo Tribunal Federal Luís Roberto Barroso decidiu suspender a lei que estabelece um piso salarial nacional para enfermeiros técnicos e auxiliares de Confederação Nacional de saúde e outras sete instituições que querem impedir as mudanças da Lei Barroso deu prazo de 60 dias para que sejam apresentados para",
		"begin": "00:00:00",
		"end": "00:00:37",
		"class": "Neutro"
	},
	{
		"content":"que seja apresentado um estudo de impacto orçamentário sobre a nova legislação mas a corte já definiu um prazo para análise do assunto os ministros vão ter entre nove e Sete de Setembro para darem os votos no plenário virtual a gente lembra aqui no caso dos enfermeiros que vão receber a maior remuneração do piso o salário é de 4.750 reais",
		"begin": "00:00:37",
		"end": "00:00:59",
		"class": "Neutro"
	}
]