[
	{
		"content": "e agora a gente conta para você que o Ministro do Supremo Tribunal Federal Luís Roberto Barroso o suspendeu a lei que criou o piso salarial da enfermagem depois de uma ação da Confederação Nacional de saúde hospitais estabelecimentos e serviços Barroso ainda Deus 60 dias para avaliar o impacto nos gastos públicos E também o  risco de demissões em massa quem vai trazer mais detalhes sobre esse assunto ao vivo para a gente ou norbertus que volta a conversar foi no conta pra gente essa suspensão já está repercutindo inclusive entre os poderes né Teve até manifestação do presidente da Câmara Arthur Lira Conta mais e vamos começar por ela então Tainá vou até pedi para o pessoal aí colocar o Twitch que o Arthur Lira presidente da Câmara dos Deputados a camiseta que aprovou essa essa medida no dia que a provoca ela PEC dos benefícios também a gente vê o Twitter dele aí ele falou o seguinte",
		"begin": "00:00:00",
		"end": "00:00:58",
		"class": "Neutro"
	},
	{
		"content": "respeito às decisões judiciais mas não concordo com o mérito em relação ao piso salarial dos enfermeiros são profissionais que tem direito ao piso e podem contar comigo para continuar nos na luta pela manutenção do que foi decidido em plenário como você disse Tainá essa suspensão feita pelo Ministro do STF Luís Roberto Barroso veio depois de uma argumentação da Confederação Nacional de saúde hospitais e estabelecimentos serviços a CN saúde segundo Barroso a lei que foi aprovada no Congresso Nacional ela não fez uma análise completa sobre o possível Impacto dessa medida inclusive na argumentação da CNC saúde a lei o desemprego falência de unidade de saúde",
		"begin": "00:00:58",
		"end": "00:01:42",
		"class": "Entrevista"
	},
	{
		"content": "ou o repasse dos custos aos usuários de serviços privados de saúde além também na redução de oferta de serviços sobrecarga no Sistema Único de Saúde o SUS portanto a partir disso o ministro Luís Roberto Barroso de um prazo de 60 dias para que os órgãos envolvidos se manifestem a respeito desse possível Impacto econômico A partir dessa lei a gente lembra A previsão era de que o mínimo para os enfermeiros fosse de 4.750 reais e que os técnicos de enfermagem deveriam receber setenta por cento desse valor ou seja 3325 és",
		"begin": "00:01:42",
		"end": "00:02:20",
		"class": "Entrevista"
	},
	{
		"content": "enquanto os auxiliares de enfermagem perceber cento e cinquenta por cento dos valor total seria 2375 reais a gente procurou também o presidente do congresso também do Senado podre Pacheco por enquanto ele não respondeu às nossas solicitações e a gente também e o sindicato dos enfermeiros da enfermagem aqui no Brasil",
		"begin": "00:02:20",
		"end": "00:02:43",
		"class": "Entrevista"
	},
	{
		"content": "para comentar a respeito dessa suspensão dessa lei por enquanto também é o sindicato nos respondeu e a gente também falou com a senha de saúde após a decisão que comemorou por enquanto essa decisão vamos aguardar então esse aceitar dias e assim que tiver mais manifestações a respeito dessa decisão do ministro Luís Roberto Barroso a gente traz aqui para a gente Lembrando que essa lei já tem mais ou menos um mês aí que ela foi aprovada eu volto ao Estúdio com vocês",
		"begin": "00:02:43",
		"end": "00:03:12",
		"class": "Entrevista"
	}
]