[
	{
		"content": "vivo com a Katiuscia Souto Maior qual argumento do ministro para tomar essa decisão Katiuscia a justificativa William está no risco de diminuição na qualidade do serviço com possibilidade de demissões em massa e sobrecarga na rede o ministro Luís Roberto Barroso definiu então em decisão monocrática neste domingo um prazo de 60 dias para o detalhamento do impacto financeiro do piso da enfermagem órgãos do governo federal estaduais municipais é conselhos e entidades da área de saúde devem apresentar informações sobre possível dificuldade de atendimento e redução na qualidade do serviço prestado indicando por exemplo informações sobre a situação financeira dados sobre empregabilidade e sobre a qualidade do serviço de saúde para que o STF possa avaliar o risco de fechamento de leitos e de redução nos quadros de Enfermeiros e técnicos a decisão liminar ou seja Provisória de Barroso será submetida ao plenário virtual do STF para que os demais ministros analisem a questão a determinação atende a um pedido da Confederação Nacional de saúde de hospitais e estabelecimentos e serviços que argumenta que o piso é insustentável",
		"begin": "00:00:00",
		"end": "00:01:13",
		"class": "Entrevista"
	},
	{
		"content": "e afeta principalmente hospitais públicos santas casas e hospitais ligados ao sistema único de saúde na decisão Barroso diz que as entidades privadas podem implantar o peso Se tiverem condições e afirma também que a circunstâncias apontadas por ele não significam que o valor não seja justo nem que as categorias beneficiadas não mereçam a remuneração mínima para a gente lembrar o presidente Jair bolsonaro sancionou no dia 4 de agosto o piso salarial da enfermagem que estabelece aos profissionais contratados pelo setor público e também pelo setor privado nas regras da CLT o mínimo de 4.750 e esse piso serve de referência para o cálculo dos demais salários da área técnicos de enfermagem 70% do valor definido para o piso ou seja 3.325 e auxiliares de enfermagem e parteiras pelo menos 50",
		"begin": "00:01:13",
		"end": "00:02:13",
		"class": "Entrevista"
	},
	{
		"content": "2375 o piso seria pago pela primeira vez nesta segunda-feira dia 5 de setembro o relator do projeto no senado Senador Fabiano cantarato se manifestou nas redes sociais dizendo que lamenta a suspensão do piso da enfermagem ele escreveu que o STF ao qual recorreu o setor patronal não pode desprezar lei e emenda constituição aprovados por amplíssima maioria do congresso ele disse estar empenhado para que o tribunal reverta essa decisão eu volto com você falou aí do Presidente da República aproveitando de campanha o presidente Jair bolsonaro participou da cerimônia",
		"begin": "00:02:13",
		"end": "00:02:53",
		"class": "Entrevista"
	}
]