[
	{
		"content": "e por aqui seguimos abordando as relações do Brasil com a monarquia britânica a Rainha Elizabeth 2ª esteve no nosso país em 1968 e visitou 100 cidades em São Paulo ela participou da inauguração do prédio do MASP A reportagem é da Carla Chaves o ano era 1968 cercada de autoridades a Rainha Elizabeth 2ª que fazia uma visita ao Brasil presidiu a cerimônia de inauguração do prédio que se tornaria um dos mais emblemáticos do país o Masp na Avenida Paulista [Música]",
		"begin": "00:00:00",
		"end": "00:00:45",
		"class": "Neutro"
	},
	{	
		"content": "a rainha e o marido dela o príncipe filha passaram 11 dias aqui no Brasil e aonde iam arrastavam Multidões milhares de pessoas curiosas para ver de perto a realeza britânica o casal passou por sei se é a primeira parada foi no Recife no Rio de Janeiro os dois acompanharam um jogo no Maracanã e conheceram outra Majestade O Rei Pelé aqui em São Paulo agenda também foi repleta de eventos um deles Justamente a inauguração do MASP muita gente que passa pelos corredores aqui do Acervo hoje nem imagina que uma das primeiras visitantes foi a rainha da Inglaterra",
		"begin": "00:00:00",
		"end": "00:01:34",
		"class": "Neutro"
	},
	{
		"content": "as fotos em Preto e Branco São registro da passagem histórica da monarca segundo matéria do Jornal Diário de São Paulo publicada na época a rainha Se surpreendeu ao ver um quadro pintado pelo duas vezes primeiro-ministro britânico Winston Churchill adorou os renaults parou para admirar as obras dos pintores ingleses e também dos brasileiros entre os artistas que cumprimentaram a rainha no Masp a cantora gravador e escultura japonesa naturalizada brasileira Tomie Ohtake nesta outra imagem a rainha caminha ao lado de Pietro Maria Bardi fundador do MASP esta foi a única visita da monarca ao Brasil e sete de novembro de 1968 para sempre vai ficar marcado como o dia em que São Paulo ganhou um de seus maiores presentes o prédio do MASP e ainda recebeu uma das maiores personalidades do mundo uma quinta-feira memorável é",
		"begin": "00:01:44",
		"end": "00:02:42",
		"class": "Neutro"
	}
]