[
	{
		"content": "Elizabeth esteve no Brasil no fim da década de 60 passou por seis cidades teve uma agenda cheia que incluiu encontro com o rei o rei Pelé por 11 dias a Rainha Elizabeth esteve no Brasil em 1968 quando o país ainda vivia sob o regime militar uma viagem a bordo do Iate oficial da coroa como tantas outras que a monarca fez pelo mundo o",
		"begin":  "00:00:00",
		"end": "00:00:32",
		"class": "Neutro"
	},
	{
		"content": "papel da rainha como símbolo tanto nas colônias tanto nos lugares aonde ela tinha uma valorização era muito importante por isso foi escolhido naquele momento que entre os diversos países que ela Faria relação ela veio até o Brasil no roteiro a comitiva passou pelo Recife Salvador Brasília São Paulo e pelo Rio de Janeiro no Congresso Nacional ela discursou e agradeceu pela hospitalidade do povo brasileiro [Música]",
		"begin": "00:00:32",
		"end": "00:01:04",
		"class": "Neutro"
	},
	{
		"content": "na viagem também inaugurou o início das obras da ponte rio-niterói durante a agenda com idas a monumento lado do príncipe ainda conseguiu aproveitar o que o Brasil tem de melhor em São Paulo prestigiou o show do musicais no rio não deixou de assistir passistas e intimistas da Mangueira",
		"begin": "00:01:04",
		"end":	"00:01:24",
		"class": "Neutro"
	},
	{
		"content": "a realeza britânica encerrou essa passagem histórica por seis cidades brasileiras aqui no Maracanã que estava lotado durante uma partida entre as seleções do Rio de São Paulo o principal estádio do país foi palco de um verdadeiro encontro real a rainha e o Rei Pelé ficaram frente a frente e até conversaram o atleta do século que havia marcado gol de número 900 naquele dia recebeu o título de cavaleiro da Ordem do império britânico",
		"begin": "00:01:24",
		"end": "00:01:59",
		"class": "Neutro"
	},
	{
		"content": "Hoje ele relembrou o momento inesquecível e homenageou Legado de Elizabeth então com 42 anos a monarca participou de recepções de gala aqui no Rio Audrey estava em uma delas elegante né sempre bem vestida daqui a família real levou presentes como discos de MPB e até um casal de onças anos depois a rainha recebeu chefes de estado do Brasil na Inglaterra como presidente Fernando Henrique Cardoso primeiro eleito democraticamente a visitá-la Lula e Dilma Rousseff também estiveram ao Light apesar da distância geográfica Os encontros estreitaram as relações entre os países",
		"begin": "00:00:00",
		"end": "00:02:40",
		"class": "Neutro"
	}	
]