[
	{
		"content": "é a única visita da Rainha Elizabeth 2ª ao Brasil aconteceu em 1968 durante a ditadura militar mais de 50 anos depois a monarca ainda é lembrado é porque esteve bem pertinho dela [Música] uma lembrança de valor inestimável é só uma nuvem de jeito nenhum foi com esse uniforme que seu Orlando atendeu a Elizabeth segunda durante um café e um jantar oferecido os a rainha eo príncipe Philip no Rio de Janeiro ele não se esquece do que serviu foi o leve linguado grelhado A inglesa por coincidência a sobremesa foi o sorvete que ela levou o principal Pra Inglaterra ",
		"begin":"00:00:00",
		"end":"00:00:47",
		"class": "Neutro"
	},
	{
		"content": "também é do Bacuri Elizabeth se deslumbrou com a paisagem lançou a pedra fundamental da ponte rio-niterói e descobriu todo requebrado da nossa cultura popular o jornais da época também destacaram o chamado hein e se Aliás o palco foi o velho Maracanã abarrotado de gente da Tribuna a rainha viu mais um show do Rei Pelé no duelo entre cariocas e Paulistas",
		"begin": "00:00:47",
		"end": "00:01:16",
		"class": "Neutro"
	},
	{
		"content": "Quem estava no jogo Guarda para sempre a lembrança de Elizabeth segunda mas a visita da rainha também ficou eternizada aqui no museu do Maracanã que preserva essas relíquias as poltronas que ela e o príncipe filho que usaram quando vieram conhecer o estádio além do rio Elizabeth também foi ao Recife a São Paulo Campinas Salvador e Brasília Maria Helena Gomide era a primeira-dama do Distrito Federal na época e levou a rainha para conhecer uma escola ela tem muito interesse saber como é que era a educação aqui essa visita Jade 53 anos 54 e até hoje todo mundo relembra e eu também todo mundo assim como é o encantamento",
		"begin": "00:01:16",
		"end": "00:01:57",
		"class": "Neutro"
	}
]


 
