[
	{
		"content": "e o Museu Nacional do Rio de Janeiro reinaugurou hoje a fachada e o jardim da frente do Palácio é a primeira grande obra de reconstrução desde o incêndio Que destruiu quase todo acervo histórico há quatro anos aos poucos o prédio que carrega um pedaço da nossa história volta ao seu normal o que era cinza deu lugar o colorido portas janelas e paredes novinhas Por enquanto só a fachada do Museu está pronta para ela ficar assim grandiosa e imponente 200 Operários trabalharam em 10 meses de obra foi uma corrida para terminar tudo a tempo das celebrações dos 200 anos da Independência do Brasil o palácio onde",
		"begin": "00:00:00",
		"end": "00:00:42",
		"class": "Neutro"
	},
	{
		"content": "funciona o museu era residência da Imperatriz Leopoldina esposa de Dom Pedro primeiro alstef nascença mais Brasileira de coração e que juntamente com outras pessoas é presidiu o conselho de estado que determinou o vamos assim e na mesa de uma forma efetiva a independência do nosso país no jardim e reinaugurado agora o gramado devido a paisagem com oito deusas gregas que ficavam na parte de cima da fachada e foram salvas do incêndio 4 anos atrás o fogo consumiu 85 porcento dos 20 milhões de itens catalogados pertences da família imperial e o mais antigo fóssil humano encontrado no Brasil viraram cinzas a restauração completa só ficará pronta em 2027 não tem ideia da dificuldade da tudo da dos Desafios dos dados adaptações das tem mantas que um projeto desta natureza acarreta o Museu Nacional vive",
		"begin": "00:00:42",
		"end": "00:01:45",
		"class": "Neutro"
	}
]
