[
	{
			"content": "e o incêndio Que destruiu o Museu Nacional no Rio de Janeiro completa 4 anos hoje e as primeiras etapas da reconstrução do prédio começaram a ser entregues o Cléber Rodrigues tem os detalhes para gente ao vivo passaram 14 anos parece até que faz mais né que lembra desse incêndio Que destruiu boa parte aí de patrimônio histórico e cultural nosso bom Boa tarde",
			"begin": "00:00:00",
			"end": "00:00:26",
			"class": "Neutro"
	},
	{
			"content": "para você agora boa tarde Marcele que não se lembra daquele dia né muita gente horou vendo o Museu Nacional sendo tomado por Chamas fato é que hoje a o a Universidade Federal do Rio de Janeiro tá entregando portanto parte dessa obra da fachada lá do Museu Nacional Alexander kellner que é o diretor Nacional do Museu Histórico",
			"begin": "00:00:26",
			"end": "00:00:47",
			"class": "Neutro"
	},
	{
			"content": "disse que é um dia importante porque a recuperação da memória do Brasil ele lembrou por exemplo que Museu Nacional foi o primeiro a ser construído aqui no país e abrigou a família imperial lá no século 19 foi casa por exemplo e o Dina que liderou um conselho de estado que acabou colocando de forma efetiva a independência do Brasil bom foram mais de 200 pessoas trabalhando de forma",
			"begin": "00:00:47",
			"end": "00:00:00",
			"class": "Neutro"
	},
	{
			"content": "incansável durante dez meses para entregar essa obra hoje Portanto aí parte da fachada do Museu Nacional a prefeitura também inaugurou a revitalização do Jardim Terraço e um espaço que fica em frente ao Museu Nacional a Universidade Federal do Rio Também apresentou para a imprensa um cronograma de obras até o ano que vem eles devem concluir a reforma e também ampliação da biblioteca central e",
			"begin": "00:00:00",
			"end": "00:01:39",
			"class": "Neutro"
	},
	{
			"content": "durante os anos subsequentes concluir o restante das obras a direção Nacional também a direção do Museu Nacional também informou que já foram captados mais de 245 milhões de reais em Recursos Federais e que faltam ainda ser captados outros 135 milhões de reais se tudo der certo que a gente torce para que sim o Museu Nacional deve ser reaberto",
			"begin": "00:00:00",
			"end": "00:00:00",
			"class": "Neutro"
	},
	{
			"content": "de 27 A ente lembra que Museu Nacional, foi tomado por chamas em 2018 Hoje completa exatamente quatro anos daquele incêndio que levou parte da memória do Brasil muitos arquivos foram perdidos mas Outros tantos também foram recuperados com trabalho incansável de uma equipe técnica por exemplo o crânio de Luzia o esqueleto humano mais antigo tado aí de 11.500 anos",
			"begin": "00:00:00",
			"end": "00:00:00",
			"class": "Neutro"
	},
	{
			"content": "atrás Então hoje parte dessa obra está concluída ano que vem também outras 63  ser reaberto ao público eu volto com vocês Valeu Cléber Obrigado pelas notícias e boas notícias",
			"begin": "00:00:00",
			"end": "00:02:48",
			"class": "Neutro"
	}
]
