[
		{
				"content": "há quatro anos após o incêndio o Museu Nacional reinaugura a fachada do prédio histórico e jardim da frente se conhece muito bem lá tenho certeza um lugar maravilhoso antigo essa oportunidade de conhecê-lo antes né Espero poder conhecer agora é nessa nessa reabertura né mas se vir aqui o desprazer não é de Mostrar toda a tragédia ao vivo no momento muito triste daquele um ano domingo à noite né e a coisa acontecendo ali a gente obviamente com poucas informações porque também não se imaginava que pudesse aquelas proporções que que tiveram né o incêndio que certa forma destruiu grande parte do Museu Nacional ser boneca era um acervo importantíssimo não só que para o país mas para toda América Latina fundo né tinha ali uma importantes itens para história mundial",
				"begin": "00:00:00",
				"end": "00:00:52",
				"class": "Neutro"
		},
		{
				"content": "e a gente vai falar sobre coisa boa né gente já falou tanto desse incêndio gente quer falar exatamente sobre esse novo momento Nicole TIM está lá os detalhes para gente só vai dar aquele gostinho né eu mostrar pra gente como é que tá um pouco oi Nicoli tudo bem Nicole",
				"begin": "00:00:52",
				"end": "00:01:09",
				"class": "Neutro"
		},
		{
				"content": "Oi Oi Thaís Nelson aqui nos acompanha aqui no os olhos daquele canteiro de obras que a gente tava acostumado a ver né desde 2018 quando incêndio devastou aqui o Museu Nacional já saiu de cena a fachada principal Então hoje está sendo entregue na cor amarelo ou criar mesma cor da época Imperial também o verde utilizado ali nas portas hoje então estão sendo entregues essa fachada principal as laterais Norte e Sul que fazem parte do chamado",
				"begin": "00:01:09",
				"end": "00:01:41",
				"class": "Opinião de repórter/entrevista"
		},
		{
				"content": "mostrar aqui para vocês também olha só ele foi totalmente revitalizado tá lindo também é o Jardim que fica em frente ao Museu Nacional essa é a primeira grande de entrega das obras aqui do museu mas o programa ainda é bem extenso viu esse chamado bloco só deve ser totalmente entregue em fevereiro do ano que vem depois eu não tenho bloco 2 bloco 3 - bloco 4 as esculturas em mármore ficavam lá em cima Deixa eu ver se eu consigo mostrar aqui para vocês e elas foram trocadas por réplicas porque as originais estavam bem danificadas por conta do incêndio por dentro Museu ainda",
				"begin": "00:01:41",
				"end": "00:02:17",
				"class": "Entrevista"
		},
		{
				"content": "aqui do museu além do Jardim Terraço vou tá com todo aquele aspecto de obra né às escuras o museu estão sendo recortadas com estruturas metálicas e as obras internas só vão começar em dezembro de 2023 todo esse cronograma e acabou demorando bastante para o orçamento total das obras aqui do Museu Nacional é de 380 milhões e meio de reais e até agora então só foram captados 64 por cento desses recursos isso sem contar claro todo aquele momento que teve de espera né por conta da recuperação do Acervo também muito cuidado para que nada mais fosse destruído então entende aconteceu em 2018 mas as obras efetivamente só começaram em novembro do ano passado EA previsão de entrega desse de toda a estrutura né do Museu Nacional",
				"begin": "00:02:17",
				"end": "00:03:04",
				"class": "Entrevista"
		},
		{
				"content": "então é só para 2027 viu daí tá aí já essa estrutura sendo reinaugurado e é bom a gente poder a fachada né já retomada a os detalhes que foram mostrados aí pela Nicole né as estruturas e em bronze essas esculturas já em bronze e mármore na parte de cima e um lugar belíssimo quem não conhece não teve essa oportunidade ainda vale a pena realmente conhecer toda essa região né ali da Quinta da Boa Vista Museu Nacional depois de uma passadinha pelo Centro Histórico do Rio Também tem museus e lindíssimos recém-construídos que a gente fala do museu de arte né mas também tem um museu da manhã e tenta mesmo seu histórico aí na região central um cara vale muito a pena minha mãe o Nicole eu não sei qual que é o seu time de coração eu sei que o museu fica perto do time do coração da Taís do Vasco da Gama",
				"begin": "00:03:04",
				"end": "00:03:52",
				"class": "Opinião de repórter/entrevista"
		},
		{
				"content": "e olha né Eu sou gremista lilou não queria arriscar entendeu não queria arriscar eu falei o a Grêmio e Internacional falando eu vou arriscar aqui pra não criar não criar confusão né Então tá de E daqui a pouquinho a gente vai falar eu tá feliz da vida mulher beijo tchau tchau",
				"begin": "00:03:52",
				"end": "00:04:12",
				"class": "Opinião de repórter"		
		}
]

