[ 
    {
        "content": "O Google decidiu não atualizar mais os aplicativos do celulares da Huawei, segunda maior fabricante de smartphones do mundo, atrás da sul-coreana Samsung. A decisão decorre da guerra comercial travada entre Estados Unidos e China.",
        "begin": "00:00:00",
        "end": "00:00:15",
        "class": "Neutro"
    },
    {
        "content": "Usuários de aparelhos da gigante chinesa não vão mais receber atualizações de aplicativos do sistema operacional Android, que pertence ao Google e no futuro celulares da Huawei nem deverão mais incluir programas como o Google Maps e o YouTube.",
        "begin": "00:00:15",
        "end": "00:00:31",
        "class": "Neutro - sem faces"
    },
    {
        "content": "O Google alega estar seguindo diretrizes do governo americano, que proibiu empresas dos Estados Unidos de fazer negócios com companhias estrangeiras de telecomunicações consideradas perigosas para a segurança nacional. O alvo principal da medida era a Huawei. A empresa é acusada por Washington de espionagem cibernética em favor de Pequim.",
        "begin": "00:00:31",
        "end": "00:00:52",
        "class": "Neutro - sem faces"
    }
]