[
	{
		"content": "Tá bom então, o número de empregos com carteira assinada em outubro, uma boa notícia é o quarto mês seguido de alta. Então vamos ao vivo até Brasília com a repórter Lígia Veiga, desde a boa tarde quantas vagas foram criadas por Kelly.",
		"begin": "00:00:00",
		"end": "00:00:20",
		"class": "Neutro"
	},
	{
		"content": "boa tarde para você, Boa tarde a todos. Foram criadas 300 395 mil vagas formais em outubro, de acordo com o ministério da economia, o resultado reforça A retomada do crescimento após os efeitos causados pela pandemia do coronavírus.",
		"begin": "00:00:20",
		"end": "00:00:00",
		"class": "Entrevista"
	},
	{
		"content": "O governo calcula que neste ano o Brasil perdeu menos empregos do que nas crises de 2015 e 2016, os setores que mais criaram vagas foram serviços, comércio, indústria e construção civil. Todas as regiões do Brasil registraram aumento nas contratações, destaque especial para os estados de São Paulo, em Minas Gerais e Paraná. Kelly é com você.",
		"begin": "00:00:40",
		"end": "00:01:05",
		"class": "Entrevista"
	}
]
