[
		{
				"content": "e o Brasil abriu 395 mil vagas de trabalho formais em outubro, segundo dados do CAGED cadastro Geral de Empregados e desempregados.",
				"begin": "00:00:00",
				"end": "00:00:12",
				"class": "Neutro"
		},
		{
				"begin": "00:00:12",
				"class": "Neutro",
				"content": "É o quarto mês seguido de saldo positivo, mais um acumulado do ano, o cenário é negativo. Entre Janeiro em outubro foram perdidos mais de 171 mil postos em meio à crise provocada pelo novo coronavírus.",
				"end": "00:00:23"
		}
]