[
	{
		"content": "o que o Brasil criou o número recorde de vagas formais de trabalho em outubro, foram criados quase 395 mil postos com carteira assinada no mês passado. A gente dá uma olhada aqui no marca segundo os dados do CAGED, cadastro Geral de Empregados e desempregados.",
		"begin": "00:00:00",
		"end": "00:00:18",
		"class": "Neutro"
	},
	{
		"content": "Essa é esse o levantamento deles, trata-se do maior patamar desde o início da série histórica, iniciada em 1992, foi ainda o quarto mês seguido de Resultado positivo no acumulado do ano, no entanto houve uma perda de 178 mil 171 mil vagas formais.",
		"begin": "00:00:18",
		"end": "00:00:34",
		"class": "Neutro"
	},
	{
		"content": "Foi pior resultado para o período desde 2016, as demissões na parcial de 2020, refletem um Claro o impacto da pandemia do novo coronavírus.",
		"begin": "00:00:34",
		"end": "00:00:42",
		"class": "Neutro"
	}
]
	