[
		{
				"content": "Oi [Música] Daiana princesa de Gales princesa do Povo ou simplesmente Lady Íris são muitos nomes para uma personagem que mudou a imagem da monarquia britânica [Música]",
				"begin": "00:00:00",
				"end": "00:00:23",
				"class": "Neutro"
		},
		{
				"content": "neste dia 31 de agosto o completam 25 anos de uma das mortes que mais abalou o mundo aos 36 anos Daiana Frances Spencer faleceu num trágico acidente de carro enquanto fugia dos paparazzi na França",
				"begin": "00:00:23",
				"end": "00:00:35",
				"class": "Neutro"
		},
		{
				"content": "estilo britânico são frequentemente vistos como bastante rígidos e reservados mais Daiana era completamente diferente as pessoas choravam abertamente levavam flores para o palácio toda a grã-bretanha ficou sem",
				"begin": "00:00:35",
				"end": "00:00:51",
				"class": "Neutro"
		},
		{
				"content": "flores porque as pessoas estavam levando muitas e na época a família real demorou um tempo para se posicionar já que estava afastada de Daiana mas Após uma forte pressão Popular a própria Rainha Elizabeth se manifestou sobre a tragédia",
				"begin": "00:00:51",
				"end": "00:01:11",
				"class": "Neutro"
		},
		{
				"content": "filme bem ela era um ser humano excepcional e talentoso nos bons e maus momentos ela nunca perdeu sua capacidade de sorrir nem de inspirar os outros com seu calor e bondade eu admirava e respeitava por sua energia e compromisso",
				"begin": "00:01:11",
				"end": "00:01:27",
				"class": "Neutro"
		},
		{
				"content": "com os outros e especialmente por sua devoção aos seus dois meninos mesmo após tanto tempo a princesa ainda é muito querida nesta semana a turistas homenagearam Daiane em Paris do local onde aconteceu o acidente fatal ela era um raio de sol um sopro de",
				"begin": "00:01:27",
				"end": "00:01:45",
				"class": "Neutro"
		},
		{
				"content": "liberdade em seu tempo ela provavelmente tinha entendido muito bem o significado da comunicação Então ela Sobrou um pouco do espírito de liberdade no Palácio de bambu a minha com pilhas São José clínicas e A Daiana foi uma pessoa que chamava a atenção do público e da Imprensa desde o",
				"begin": "00:01:45",
				"end": "00:02:06",
				"class": "Neutro"
		},
		{
				"content": "começo do namoro com o Príncipe Charles e tudo aumentou quando eles se casaram em 1981 A quem que eu acho que as pessoas simplesmente sentiam que ela era como uma família que ela se importava eles se sentiam perto dela porque você conhecia cada detalhe de sua vida estava em toda",
				"begin": "00:02:06",
				"end": "00:02:27",
				"class": "Neutro"
		},
		{
				"content": "a imprensa o tempo todo além da simpatia e o lado humanizado a princesa Daiana se mostrou uma mãe extremamente amorosa com William e Harry Mas nem tudo era como um conto de fadas as dificuldades começaram a aparecer em 1992 os dois se separaram e depois de anos de rumores de casos extraconjugais",
				"begin": "00:02:27",
				"end": "00:02:54",
				"class": "Neutro"
		},
		{
				"content": "de ambas as partes em 1996 Charles e Diana oficializaram o divórcio Loja do Som os donos o que eu não percebi na época foi que Diana estava desesperada com uma vida solitária se ela podia ver que seu marido O Príncipe Charles mas tava efetivamente morando com a esposa de outro homem Camila parker-bowles" ,
				"begin": "00:02:54",
				"end": "00:03:17",
				"class": "Neutro"
		},
		{
				"content": "ela podia sentir como ambos admitiram posteriormente o casamento tinha acabado o divórcio foi uma página difícil na vida de Lady II e da família real entrevistas e fortes declarações marcaram a época O Príncipe Charles assumiu o relacionamento com Camila e Daiana começou uma relação com o empresário Dodi al-fayed apesar da Separação a imagem dela",
				"begin": "00:03:17",
				"end": "00:03:48",
				"class": "Neutro"
		},
		{
				"content":"continuava forte e e distante das obrigações reais ela aprofundou ainda mais os trabalhos de caridade que estava acostumada a fazer dentre as principais pautas defendidas por Daiana estava a luta contra o HIV causas como essa renderam o seu apelido de princesa do Povo onde andas e direi Goiana entendi o poder das imagens ela se ajoelhava para as crianças para que",
				"begin": "00:03:48",
				"end": "00:04:18",
				"class": "Neutro"
		},
		{
				"content":"ela estivesse no seu próprio nível ela se sentava na cama dos doentes aqui tocava as bochechas as pessoas e você sabe é claro ela fez um ótimo ótimo trabalho com aids e lepra e o meu lugar mas o maior empenho da vida dela foi o combate ao uso de minas terrestres ela liderou uma repressão a esses explosivos até que políticos de todo mundo assinaram o Tratado de Otawa proibindo",
				"begin": "00:04:18",
				"end": "00:04:46",
				"class": "Neutro"
		},
		{
				"content":"sua utilização na que vocês têm ralado boy Ela provavelmente veria seu legado como sendo a campanha contra as minas terrestres mas nós vemos isso como sua compaixão como um todo e como ela modernizou a monarquia EA tornou mais sensível e carinhosa essa batalha de Daiana é levada até hoje em 2019 o príncipe Harry filho de Daiana foi até Angola e passou por uma rua que já foi",
				"begin": "00:04:46",
				"end": "00:05:13",
				"class": "Neutro"
		},
		{
				"content":"um campo minado o local tinha sido visitado por sua mãe pouco antes da morte e não foi apenas nas ações que Daiana se Manteve viva um dos grandes impactos foi a mudança na forma em que a família real se comunica ou mais títulos quase nos últimos 3 ou 4 anos os jovens Príncipes realmente assumiram muito do legado de Daiana então pensamos menos hein Daiana e mais uns Príncipes Que",
				"begin": "00:05:13",
				"end": "00:05:40",
				"class": "Neutro"
		},
		{
				"content":"mais hein William Harry e mais em que a gente é claro o que parece como se a jovem Realeza estivesse muito nos moldes de Daiana tanto William quanto o Harry usar a mãe para batizar seus filhos te anote Elizabeth Daiana nasceu em 2015 e lilibeth Daiana no meio do ano passado já que e tímida o tão esposa de William também buscou o causas sociais para lutar em seu caso o principal é a saúde",
				"begin": "00:05:40",
				"end": "00:06:08",
				"class": "Neutro"
		},
		{
				"content":"mental e até em fotos a duquesa de Cambridge busca homenagear a princesa Daiana em 2021 mesmo com os dois irmãos brigados desde que Harry decidiu se afastar da família real eles inauguraram um estátua em homenagem à mãe A escultura de bronze foi colocada no Jardim do Palácio de kensington que já foi casa de Daiana eu acho que se sentiu que se a princesa ficasse sozinha de maneira solitária Ela poderia parecer",
				"begin": "00:06:08",
				"end": "00:06:37",
				"class": "Neutro"
		},
		{
				"content":"isolada e uma das coisas que surgiram ao conversar com seus amigos e familiares é que ela era uma pessoa tão amigável um carinho especial pelas crianças e acho que isso também trazem muitos aspectos o seu trabalho humanitário e não e da estátua aqui atrás de um mistas é possível visitar o Palácio de quem se Então como ingressos que custam a partir de 120 reais em toda a Inglaterra é possível encontrar pontos",
				"begin": "00:06:37",
				"end": "00:07:03",
				"class": "Neutro"
		},
		{
				"content":"de homenagem à princesa Daiana nós estamos em um dos principais parques de Londres e aqui dentro foi construído um memorial para ela em 2004 essa fonte é o local mais procurado pelos turistas que recebe visitantes o ano todo em lojas de suvenires é possível ver a quantidade de itens com o rosto de Lady Íris as pessoas buscam os mais diversos produtos para magra ensino caneca e de Down Esses",
				"begin": "00:07:03",
				"end": "00:07:34",
				"class": "Neutro"
		},
		{
				"content":"são os três itens mais vendidos Talvez seja fácil carregar e canecas que pessoas sempre gostam de manter na prateleira com a foto dela nossas Canecas e se não sumiram tão acabadas porque pessoas que vendem mais rápido não só na compra de isso Vinícius que é possível ver o quanto dá Oi querida seus fãs também não poupam palavras acha que aguentar ela era apenas uma pessoa genuína você podia se relacionar com ela",
				"begin": "00:07:34",
				"end": "00:08:01",
				"class": "Neutro"
		},
		{
				"content": "ela não era uma pessoa distante ela era apenas uma de nós marca não acho que não há ninguém como ela agora ela era uma completamente única ela relaxava as pessoas ela era muito gentil com as pessoas a família real tem tentado trazer de volta o apoio Popular que tinha Décadas atrás até o Príncipe Charles que foi muito rejeitado na época do divórcio passou a ter uma aceitação maior do público mas ainda assim talvez demore um tempo para que os britânicos Vejam uma nova princesa do Povo no palácio",
				"begin": "00:08:01",
				"end": "00:08:37",
				"class": "Opinião de repórter"
		}
]