[
		{
				"content": "e há 25 anos morria uma das mulheres mais influentes do século passado Diana Spencer a princesa de Gales Lady Dori recebeu homenagens em Londres e em Paris nos portões do Palácio de kensington onde Daiana morou com os filhos os súditos deixaram flores cartazes e",
				"begin": "00:00:00",
				"end": "00:00:22",
				"class": "Neutro"
		},
		{
				"content": "mensagens em Paris as homenagens aconteceram na chama da Liberdade monumento na pont Dalma pão de leite dai morreu em um acidente de carro junto com o namorado milionário egípcio Dodi al-fayed eo motorista em Liverpool ele perdeu o controle do veículo ao tentar",
				"begin": "00:00:22",
				"end": "00:00:37",
				"class": "Neutro"
		},
		{
				"content": "escapar de uma perseguição de fotógrafos Daiana tinha 36 anos e ficou conhecida como um ícone da moda símbolo de beleza e de humanidade por ter apoiado Causas em favor dos pobres e doentes seu funeral foi assistido por mais de Dois Bilhões de pessoas em todo o mundo",
				"begin": "00:00:37",
				"end": "00:00:54",
				"class": "Neutro"
		}
]