[ 
    {
        "content": "há 25 anos da morte de Lady Íris a princesa do Povo ela morreu em Paris lá na França você sabe muito bem disso a 25 anos nós temos imagens de agora pouco",
        "begin": "00:00:00",
        "end": "00:00:13",
        "class": "Neutro"
    },
    {
        "content": "porque as homenagens continuam sendo prestados viu ela sempre foi muito querida em todo o território nacional nesse dia mais do que especial as lembranças seriam inevitável que mulher",
        "begin": "00:00:13",
        "end": "00:00:26",
        "class": "Neutro"
    },
    {
        "content": "em outras Dias fantástica muitas pessoas levaram flores mensagens nessa manhã no túnel né na ponte em cima do túnel Onde a princesa morreu nesse acidente em Paris fotos de Dayana decoravam essa",
        "begin": "00:00:26",
        "end": "00:00:38",
        "class": "Neutro"
    },
    {
        "content": "chama né da Liberdade coberta com flor folha de ouro também uma réplica da Tocha da Liberdade se tornou seu memorial não oficial na capital francesa um passa rápido né exatos 25 anos a",
        "begin": "00:00:38",
        "end": "00:00:50",
        "class": "Neutro"
    },
    {
        "content": "princesa Daiana morreu e olha o resultado dela Segue até hoje a respeito dignidade viajava pelo mundo vai lavar amor Estava sempre tentando ajudar não essas memórias que Daiana Frances Spencer a",
        "begin": "00:00:50",
        "end": "00:01:13",
        "class": "Neutro"
    },
    {
        "content": "lei di dai desperta nas pessoas 25 anos depois da morte dela a jovem professora do interior da Inglaterra que se casou com o Príncipe foi uma das personalidades mais importantes do século 20 transformou Imaginário da",
        "begin": "00:01:13",
        "end": "00:01:26",
        "class": "Neutro"
    },
    {
        "content": "realeza em algo como um álcool ela representa uma uma reconexão da família real com a população ela da área de normalidade por exemplo na criação dos filhos ela levava os filhos à escola baiana também simboliza cuidado",
        "begin": "00:01:26",
        "end": "00:01:44",
        "class": "Neutro"
    },
    {
        "content": "principalmente nas causas humanitárias e de saúde pública pediu caso específico dos doentes de AIDS no momento em que havia uma discussão muito grande né sobre a a proximidade ela ia no hospital se aproximava a mãe de William Harry é",
        "begin": "00:01:26",
        "end": "00:02:01",
        "class": "Neutro"
    },
    {
        "content": "retratada em vários filmes e séries de sucesso a morte precoce aos 37 anos parece ter aumentado ainda mais admiração dos países espalhados pelo mundo para idosos foi tudo que tira o leite eu vou ver a o sentimento de carência de pessoas",
        "begin": "00:02:01",
        "end": "00:02:22",
        "class": "Neutro"
    }
]